{
  "images" : [
    {
      "filename" : "AppIcon-29.png",
      "idiom" : "universal",
      "scale" : "1x"
    },
    {
      "filename" : "AppIcon-29@2x.png",
      "idiom" : "universal",
      "scale" : "2x"
    },
    {
      "filename" : "AppIcon-29@3x.png",
      "idiom" : "universal",
      "scale" : "3x"
    },
    {
      "filename" : "AppIcon-29~ipad.png",
      "idiom" : "ipad",
      "scale" : "1x"
    },
    {
      "filename" : "AppIcon-29@2x~ipad.png",
      "idiom" : "ipad",
      "scale" : "2x"
    }
  ],
  "info" : {
    "author" : "xcode",
    "version" : 1
  }
}
