{
  "images" : [
    {
      "idiom" : "universal",
      "scale" : "1x"
    },
    {
      "filename" : "AppIcon-20@2x.png",
      "idiom" : "universal",
      "scale" : "2x"
    },
    {
      "filename" : "AppIcon-20@3x.png",
      "idiom" : "universal",
      "scale" : "3x"
    },
    {
      "filename" : "AppIcon-20~ipad.png",
      "idiom" : "ipad",
      "scale" : "1x"
    },
    {
      "filename" : "AppIcon-20@2x~ipad.png",
      "idiom" : "ipad",
      "scale" : "2x"
    }
  ],
  "info" : {
    "author" : "xcode",
    "version" : 1
  }
}
